{
  "LCDM": {
    "chi2_bao": 19.265318143852358,
    "chi2_rsd": 23.6589926580349,
    "n_params": 6.0,
    "label": "\u039bCDM",
    "chi2_total": 42.92431080188726,
    "chi2_dof": 3.5770259001572717,
    "AIC": 54.92431080188726,
    "BIC": 60.266541349264244
  },
  "w0waCDM": {
    "chi2_bao": 34.507617440997954,
    "chi2_rsd": 23.6589926580349,
    "n_params": 8.0,
    "label": "w\u2080w\u2090CDM",
    "chi2_total": 58.16661009903285,
    "chi2_dof": 5.816661009903285,
    "AIC": 74.16661009903285,
    "BIC": 81.28958416220217
  },
  "DG": {
    "chi2_bao": 19.265318143852358,
    "chi2_rsd": 33.08838249026261,
    "n_params": 6.0,
    "label": "Dark Geometry",
    "chi2_total": 52.35370063411497,
    "chi2_dof": 4.362808386176248,
    "AIC": 64.35370063411497,
    "BIC": 69.69593118149196
  },
  "DESI_w0wa": {
    "w0": -0.55,
    "w0_err": 0.21,
    "wa": -1.3,
    "wa_err": 0.7,
    "correlation": 0.65
  }
}